Team,Player Name,Position,Predicted Status,Confidence,Multiplier
ARS,David Raya,Unknown,starter,95%,1.00
ARS,Jurrien Timber,Unknown,starter,90%,1.00
ARS,Riccardo Calafiori,Unknown,starter,70%,0.90
ARS,Gabriel Magalhaes,Unknown,starter,90%,1.00
ARS,William Saliba,Unknown,starter,90%,1.00
ARS,Martin Zubimendi,Unknown,starter,90%,1.00
ARS,Martin Odegaard,Unknown,rotation,60%,0.75
ARS,Declan Rice,Unknown,starter,90%,1.00
ARS,Noni Madueke,Unknown,starter,70%,0.90
ARS,Gabriel Martinelli,Unknown,rotation,50%,0.75
ARS,Viktor Gyokeres,Unknown,starter,90%,1.00
ARS,Ben White,Unknown,rotation,20%,0.35
ARS,Myles Lewis-Skelly,Unknown,rotation,30%,0.50
ARS,Cristhian Mosquera,Unknown,rotation,10%,0.35
ARS,Mikel Merino,Unknown,rotation,60%,0.75
ARS,Ethan Nwaneri,Unknown,rotation,40%,0.50
ARS,Leandro Trossard,Unknown,rotation,20%,0.35
ARS,Eberechi Eze,Unknown,rotation,30%,0.50
AVL,Emiliano Martinez,Unknown,starter,70%,0.90
AVL,Matty Cash,Unknown,starter,90%,1.00
AVL,Lucas Digne,Unknown,rotation,60%,0.75
AVL,Ezri Konsa,Unknown,starter,90%,1.00
AVL,Tyrone Mings,Unknown,starter,70%,0.90
AVL,Boubacar Kamara,Unknown,rotation,60%,0.75
AVL,Amadou Onana,Unknown,starter,90%,1.00
AVL,Youri Tielemans,Unknown,starter,90%,1.00
AVL,Morgan Rogers,Unknown,starter,90%,1.00
AVL,John McGinn,Unknown,starter,90%,1.00
AVL,Ollie Watkins,Unknown,starter,90%,1.00
AVL,Marco Bizot,Unknown,rotation,30%,0.50
AVL,Ian Maatsen,Unknown,rotation,40%,0.50
AVL,Pau Torres,Unknown,rotation,40%,0.50
AVL,Lamare Bogarde,Unknown,rotation,10%,0.35
AVL,Emiliano Buendia,Unknown,rotation,10%,0.35
AVL,Donyell Malen,Unknown,rotation,60%,0.75
AVL,Evann Guessand,Unknown,rotation,20%,0.35
BOU,Djordje Petrovic,Unknown,starter,95%,1.00
BOU,Adam Smith,Unknown,starter,90%,1.00
BOU,Adrien Truffert,Unknown,starter,90%,1.00
BOU,Bafode Diakite,Unknown,starter,90%,1.00
BOU,Marcos Senesi,Unknown,starter,90%,1.00
BOU,Tyler Adams,Unknown,starter,90%,1.00
BOU,Alex Scott,Unknown,rotation,60%,0.75
BOU,Marcus Tavernier,Unknown,starter,90%,1.00
BOU,David Brooks,Unknown,starter,80%,0.90
BOU,Antoine Semenyo,Unknown,starter,90%,1.00
BOU,Evanilson,Unknown,starter,90%,1.00
BOU,Julio Soler,Unknown,rotation,20%,0.35
BOU,James Hill,Unknown,rotation,20%,0.35
BOU,Ryan Christie,Unknown,rotation,50%,0.75
BOU,Justin Kluivert,Unknown,rotation,50%,0.75
BRE,Caoimhin Kelleher,Unknown,starter,95%,1.00
BRE,Michael Kayode,Unknown,starter,90%,1.00
BRE,Keane Lewis-Potter,Unknown,starter,90%,1.00
BRE,Nathan Collins,Unknown,starter,90%,1.00
BRE,Sepp van den Berg,Unknown,starter,90%,1.00
BRE,Jordan Henderson,Unknown,starter,80%,0.90
BRE,Yehor Yarmoliuk,Unknown,starter,80%,0.90
BRE,Mikkel Damsgaard,Unknown,starter,80%,0.90
BRE,Dango Ouattara,Unknown,starter,90%,1.00
BRE,Kevin Schade,Unknown,starter,70%,0.90
BRE,Igor Thiago,Unknown,starter,90%,1.00
BRE,Aaron Hickey,Unknown,rotation,10%,0.35
BRE,Rico Henry,Unknown,rotation,20%,0.35
BRE,Kristoffer Ajer,Unknown,rotation,20%,0.35
BRE,Ethan Pinnock,Unknown,rotation,20%,0.35
BRE,Frank Onyeka,Unknown,rotation,20%,0.35
BRE,Mathias Jensen,Unknown,rotation,20%,0.35
BRE,Antoni Milambo,Unknown,rotation,20%,0.35
BRE,Fabio Carvalho,Unknown,rotation,20%,0.35
BHA,Bart Verbruggen,Unknown,starter,90%,1.00
BHA,Mats Wieffer,Unknown,starter,80%,0.90
BHA,Maxim De Cuyper,Unknown,starter,70%,0.90
BHA,Jan Paul van Hecke,Unknown,starter,90%,1.00
BHA,Lewis Dunk,Unknown,starter,90%,1.00
BHA,Carlos Baleba,Unknown,starter,70%,0.90
BHA,Yasin Ayari,Unknown,starter,80%,0.90
BHA,Yankuba Minteh,Unknown,starter,90%,1.00
BHA,Kaoru Mitoma,Unknown,starter,90%,1.00
BHA,Matthew O’Riley,Unknown,starter,70%,0.90
BHA,Danny Welbeck,Unknown,starter,80%,0.90
BHA,Joel Veltman,Unknown,rotation,20%,0.35
BHA,Ferdi Kadioglu,Unknown,rotation,30%,0.50
BHA,Olivier Boscagli,Unknown,rotation,20%,0.35
BHA,Jack Hinshelwood,Unknown,rotation,40%,0.50
BHA,Diego Gomez,Unknown,rotation,30%,0.50
BHA,Brajan Gruda,Unknown,rotation,20%,0.35
BHA,Georginio Rutter,Unknown,rotation,30%,0.50
BUR,Martin Dubravka,Unknown,starter,95%,1.00
BUR,Kyle Walker,Unknown,starter,90%,1.00
BUR,Quilindschy Hartman,Unknown,starter,90%,1.00
BUR,Hjalmar Ekdal,Unknown,starter,80%,0.90
BUR,Maxime Esteve,Unknown,starter,80%,0.90
BUR,Lesley Ugochukwu,Unknown,starter,80%,0.90
BUR,Josh Cullen,Unknown,starter,90%,1.00
BUR,Hannibal Mejbri,Unknown,starter,90%,1.00
BUR,Jacob Bruun Larsen,Unknown,starter,70%,0.90
BUR,Jaidon Anthony,Unknown,starter,90%,1.00
BUR,Lyle Foster,Unknown,rotation,60%,0.75
BUR,Lucas Pires,Unknown,rotation,10%,0.35
BUR,Joe Worrall,Unknown,rotation,20%,0.35
BUR,Axel Tuanzebe,Unknown,rotation,20%,0.35
BUR,Josh Laurent,Unknown,rotation,30%,0.50
BUR,Aaron Ramsey,Unknown,rotation,10%,0.35
BUR,Marcus Edwards,Unknown,rotation,10%,0.35
BUR,Oliver Sonne,Unknown,rotation,20%,0.35
BUR,Loum Tchaouna,Unknown,rotation,20%,0.35
BUR,Zian Flemming,Unknown,rotation,20%,0.35
CHE,Robert Sanchez,Unknown,starter,90%,1.00
CHE,Reece James,Unknown,rotation,60%,0.75
CHE,Marc Cucurella,Unknown,starter,90%,1.00
CHE,Trevor Chalobah,Unknown,starter,90%,1.00
CHE,Tosin Adarabioyo,Unknown,starter,70%,0.90
CHE,Enzo Fernandez,Unknown,starter,90%,1.00
CHE,Moises Caicedo,Unknown,starter,90%,1.00
CHE,Joao Pedro,Unknown,starter,90%,1.00
CHE,Estevao Willian,Unknown,starter,70%,0.90
CHE,Pedro Neto,Unknown,starter,90%,1.00
CHE,Liam Delap,Unknown,rotation,60%,0.75
CHE,Filip Jorgensen,Unknown,rotation,10%,0.35
CHE,Malo Gusto,Unknown,rotation,40%,0.50
CHE,Wesley Fofana,Unknown,rotation,20%,0.35
CHE,Josh Acheampong,Unknown,rotation,30%,0.50
CHE,Andrey Santos,Unknown,rotation,20%,0.35
CHE,Cole Palmer,Unknown,rotation,50%,0.75
CHE,Jamie Gittens,Unknown,rotation,40%,0.50
CRY,Dean Henderson,Unknown,starter,95%,1.00
CRY,Daniel Munoz,Unknown,starter,90%,1.00
CRY,Tyrick Mitchell,Unknown,starter,90%,1.00
CRY,Chris Richards,Unknown,starter,90%,1.00
CRY,Marc Guehi,Unknown,starter,90%,1.00
CRY,Maxime Lacroix,Unknown,starter,90%,1.00
CRY,Adam Wharton,Unknown,starter,90%,1.00
CRY,Will Hughes,Unknown,starter,80%,0.90
CRY,Ismaila Sarr,Unknown,starter,90%,1.00
CRY,Justin Devenny,Unknown,rotation,50%,0.75
CRY,Jean-Philippe Mateta,Unknown,starter,90%,1.00
CRY,Nathaniel Clyne,Unknown,rotation,20%,0.35
CRY,Borna Sosa,Unknown,rotation,30%,0.50
CRY,Ousmane Diomande,Unknown,rotation,10%,0.35
CRY,Jefferson Lerma,Unknown,rotation,50%,0.75
CRY,Romain Esse,Unknown,rotation,20%,0.35
CRY,Odsonne Edouard,Unknown,rotation,20%,0.35
EVE,Jordan Pickford,Unknown,starter,95%,1.00
EVE,Jake O’Brien,Unknown,starter,90%,1.00
EVE,James Garner,Unknown,starter,90%,1.00
EVE,James Tarkowski,Unknown,starter,90%,1.00
EVE,Michael Keane,Unknown,starter,90%,1.00
EVE,Tim Iroegbunam,Unknown,rotation,60%,0.75
EVE,Idrissa Gueye,Unknown,starter,90%,1.00
EVE,Kiernan Dewsbury-Hall,Unknown,starter,90%,1.00
EVE,Iliman Ndiaye,Unknown,starter,90%,1.00
EVE,Jack Grealish,Unknown,starter,80%,0.90
EVE,Beto,Unknown,rotation,60%,0.75
EVE,Seamus Coleman,Unknown,rotation,10%,0.35
EVE,VitaliiMykolenko,Unknown,rotation,30%,0.50
EVE,Tyler Dibling,Unknown,rotation,20%,0.35
EVE,Dwight McNeil,Unknown,rotation,20%,0.35
EVE,Carlos Alcaraz,Unknown,rotation,50%,0.75
EVE,Thierno Barry,Unknown,rotation,40%,0.50
FUL,Bernd Leno,Unknown,starter,95%,1.00
FUL,Kenny Tete,Unknown,starter,90%,1.00
FUL,Antonee Robinson,Unknown,starter,70%,0.90
FUL,Joachim Andersen,Unknown,starter,90%,1.00
FUL,Calvin Bassey,Unknown,starter,90%,1.00
FUL,Sasa Lukic,Unknown,starter,90%,1.00
FUL,Sander Berge,Unknown,starter,90%,1.00
FUL,Josh King,Unknown,starter,70%,0.90
FUL,Ryan Sessegnon,Unknown,rotation,60%,0.75
FUL,Alex Iwobi,Unknown,starter,90%,1.00
FUL,Rodrigo Muniz,Unknown,starter,70%,0.90
FUL,Timothy Castagne,Unknown,rotation,40%,0.50
FUL,Issa Diop,Unknown,rotation,10%,0.35
FUL,Jorge Cuenca,Unknown,rotation,10%,0.35
FUL,Harrison Reed,Unknown,rotation,10%,0.35
FUL,Emile Smith Rowe,Unknown,rotation,30%,0.50
FUL,Harry Wilson,Unknown,rotation,50%,0.75
FUL,Adama Traore,Unknown,rotation,10%,0.35
FUL,Raul Jimenez,Unknown,rotation,30%,0.50
LEE,Lucas Perri,Unknown,starter,90%,1.00
LEE,Jayden Bogle,Unknown,starter,90%,1.00
LEE,Gabriel Gudmundsson,Unknown,starter,90%,1.00
LEE,Joe Rodon,Unknown,starter,80%,0.90
LEE,Pascal Struijk,Unknown,starter,90%,1.00
LEE,Ao Tanaka,Unknown,starter,80%,0.90
LEE,Ilia Gruev,Unknown,rotation,60%,0.75
LEE,Anton Stach,Unknown,starter,80%,0.90
LEE,Dan James,Unknown,starter,80%,0.90
LEE,Wilfried Gnonto,Unknown,starter,80%,0.90
LEE,Joel Piroe,Unknown,rotation,40%,0.50
LEE,Karl Darlow,Unknown,rotation,10%,0.35
LEE,James Justin,Unknown,rotation,10%,0.35
LEE,Sam Byram,Unknown,rotation,10%,0.35
LEE,Jaka Bijol,Unknown,rotation,30%,0.50
LEE,Sean Longstaff,Unknown,rotation,30%,0.50
LEE,Brenden Aaronson,Unknown,rotation,30%,0.50
LEE,Noah Okafor,Unknown,rotation,30%,0.50
LEE,Lukas Nmecha,Unknown,rotation,30%,0.50
LEE,Dominic Calvert-Lewin,Unknown,rotation,30%,0.50
LIV,Alisson Becker,Unknown,starter,95%,1.00
LIV,Dominik Szoboszlai,Unknown,starter,70%,0.90
LIV,Milos Kerkez,Unknown,starter,80%,0.90
LIV,Ibrahima Konate,Unknown,starter,70%,0.90
LIV,Virgil van Dijk,Unknown,starter,90%,1.00
LIV,Ryan Gravenberch,Unknown,starter,90%,1.00
LIV,Curtis Jones,Unknown,starter,70%,0.90
LIV,Florian Wirtz,Unknown,starter,90%,1.00
LIV,Mohamed Salah,Unknown,starter,90%,1.00
LIV,Cody Gakpo,Unknown,starter,90%,1.00
LIV,Hugo Ekitike,Unknown,starter,90%,1.00
LIV,Conor Bradley,Unknown,rotation,30%,0.50
LIV,Andrew Robertson,Unknown,rotation,20%,0.35
LIV,Joe Gomez,Unknown,rotation,40%,0.50
LIV,Wataru Endo,Unknown,rotation,10%,0.35
LIV,Alexis Mac Allister,Unknown,rotation,60%,0.75
LIV,Federico Chiesa,Unknown,rotation,10%,0.35
MCI,James Trafford,Unknown,starter,90%,1.00
MCI,Rico Lewis,Unknown,rotation,60%,0.75
MCI,Nathan Ake,Unknown,rotation,60%,0.75
MCI,John Stones,Unknown,rotation,60%,0.75
MCI,Ruben Dias,Unknown,starter,80%,0.90
MCI,Bernardo Silva,Unknown,starter,70%,0.90
MCI,Nico Gonzalez,Unknown,rotation,50%,0.75
MCI,Tijjani Reijnders,Unknown,starter,70%,0.90
MCI,Oscar Bobb,Unknown,rotation,60%,0.75
MCI,Omar Marmoush,Unknown,rotation,50%,0.75
MCI,Erling Haaland,Unknown,starter,90%,1.00
MCI,Matheus Nunes,Unknown,rotation,40%,0.50
MCI,Nico O’Reilly,Unknown,rotation,40%,0.50
MCI,Rayan Ait-Nouri,Unknown,rotation,20%,0.35
MCI,Josko Gvardiol,Unknown,rotation,20%,0.35
MCI,Abdukodir Khusanov,Unknown,rotation,20%,0.35
MCI,Rodrigo,Unknown,rotation,50%,0.75
MCI,Ilkay Gundogan,Unknown,rotation,20%,0.35
MCI,Phil Foden,Unknown,rotation,40%,0.50
MCI,Rayan Cherki,Unknown,rotation,50%,0.75
MUN,Altay Bayindir,Unknown,starter,70%,0.90
MUN,Diogo Dalot,Unknown,rotation,60%,0.75
MUN,Patrick Dorgu,Unknown,starter,80%,0.90
MUN,Leny Yoro,Unknown,starter,90%,1.00
MUN,Luke Shaw,Unknown,starter,80%,0.90
MUN,Matthijs de Ligt,Unknown,starter,90%,1.00
MUN,Casemiro,Unknown,rotation,60%,0.75
MUN,Bruno Fernandes,Unknown,starter,90%,1.00
MUN,Bryan Mbeumo,Unknown,starter,90%,1.00
MUN,Mason Mount,Unknown,rotation,60%,0.75
MUN,Matheus Cunha,Unknown,starter,90%,1.00
MUN,Andre Onana,Unknown,rotation,30%,0.50
MUN,Amad Diallo,Unknown,rotation,40%,0.50
MUN,Harry Maguire,Unknown,rotation,60%,0.75
MUN,Manuel Ugarte,Unknown,rotation,30%,0.50
MUN,Kobbie Mainoo,Unknown,rotation,30%,0.50
MUN,Benjamin Sesko,Unknown,rotation,50%,0.75
NEW,Nick Pope,Unknown,starter,90%,1.00
NEW,Kieran Trippier,Unknown,starter,80%,0.90
NEW,Tino Livramento,Unknown,starter,90%,1.00
NEW,Fabian Schar,Unknown,rotation,60%,0.75
NEW,Dan Burn,Unknown,starter,90%,1.00
NEW,Bruno Guimaraes,Unknown,starter,90%,1.00
NEW,Sandro Tonali,Unknown,rotation,60%,0.75
NEW,Joelinton,Unknown,starter,70%,0.90
NEW,Jacob Murphy,Unknown,rotation,50%,0.75
NEW,Harvey Barnes,Unknown,starter,90%,1.00
NEW,Anthony Elanga,Unknown,starter,90%,1.00
NEW,Aaron Ramsdale,Unknown,rotation,10%,0.35
NEW,Lewis Hall,Unknown,rotation,30%,0.50
NEW,Malick Thiaw,Unknown,rotation,30%,0.50
NEW,Sven Botman,Unknown,rotation,20%,0.35
NEW,Lewis Miley,Unknown,rotation,50%,0.75
NEW,Joe Willock,Unknown,rotation,20%,0.35
NEW,Jacob Ramsey,Unknown,rotation,40%,0.50
NEW,William Osula,Unknown,rotation,40%,0.50
NFO,Matz Sels,Unknown,starter,95%,1.00
NFO,Ola Aina,Unknown,starter,90%,1.00
NFO,Neco Williams,Unknown,starter,90%,1.00
NFO,Nikola Milenkovic,Unknown,starter,90%,1.00
NFO,Murillo,Unknown,starter,90%,1.00
NFO,Elliot Anderson,Unknown,starter,90%,1.00
NFO,Ibrahim Sangare,Unknown,rotation,50%,0.75
NFO,Morgan Gibbs-White,Unknown,starter,90%,1.00
NFO,Dan Ndoye,Unknown,starter,90%,1.00
NFO,Callum Hudson-Odoi,Unknown,starter,70%,0.90
NFO,Chris Wood,Unknown,starter,90%,1.00
NFO,Jair Cunha,Unknown,rotation,20%,0.35
NFO,Morato,Unknown,rotation,10%,0.35
NFO,Willy Boly,Unknown,rotation,10%,0.35
NFO,Ryan Yates,Unknown,rotation,20%,0.35
NFO,Douglas Luiz,Unknown,rotation,40%,0.50
NFO,James McAtee,Unknown,rotation,20%,0.35
NFO,Omari Hutchinson,Unknown,rotation,20%,0.35
NFO,Arnaud Kalimuendo,Unknown,rotation,20%,0.35
NFO,Igor Jesus,Unknown,rotation,10%,0.35
SUN,Robin Roefs,Unknown,starter,95%,1.00
SUN,Trai Hume,Unknown,starter,90%,1.00
SUN,Reinildo,Unknown,starter,90%,1.00
SUN,Omar Alderete,Unknown,starter,90%,1.00
SUN,Jenson Seelt,Unknown,starter,80%,0.90
SUN,Granit Xhaka,Unknown,starter,90%,1.00
SUN,Habib Diarra,Unknown,starter,90%,1.00
SUN,Noah Sadiki,Unknown,starter,90%,1.00
SUN,Chemsedine Talbi,Unknown,starter,90%,1.00
SUN,Simon Adingra,Unknown,starter,90%,1.00
SUN,Eliezer Mayenda,Unknown,starter,80%,0.90
SUN,Patrick Roberts,Unknown,rotation,10%,0.35
SUN,Arthur Masuaku,Unknown,rotation,10%,0.35
SUN,Nordi Mukiele,Unknown,rotation,20%,0.35
SUN,Daniel Ballard,Unknown,rotation,10%,0.35
SUN,Dan Neil,Unknown,rotation,10%,0.35
SUN,Enzo Le Fee,Unknown,rotation,20%,0.35
SUN,Wilson Isidor,Unknown,rotation,10%,0.35
SUN,Marc Guiu,Unknown,rotation,30%,0.50
TOT,Guglielmo Vicario,Unknown,starter,95%,1.00
TOT,Pedro Porro,Unknown,starter,90%,1.00
TOT,Djed Spence,Unknown,starter,90%,1.00
TOT,Cristian Romero,Unknown,starter,90%,1.00
TOT,Micky Van de Ven,Unknown,starter,90%,1.00
TOT,Rodrigo Bentancur,Unknown,starter,70%,0.90
TOT,Joao Palhinha,Unknown,starter,80%,0.90
TOT,Pape Matar Sarr,Unknown,starter,90%,1.00
TOT,Brennan Johnson,Unknown,starter,70%,0.90
TOT,Mohammed Kudus,Unknown,starter,90%,1.00
TOT,Richarlison,Unknown,starter,70%,0.90
TOT,Kevin Danso,Unknown,rotation,40%,0.50
TOT,Archie Gray,Unknown,rotation,20%,0.35
TOT,Lucas Bergvall,Unknown,rotation,50%,0.75
TOT,Wilson Odobert,Unknown,rotation,20%,0.35
TOT,Mathys Tel,Unknown,rotation,10%,0.35
TOT,Dominic Solanke,Unknown,rotation,30%,0.50
WHU,Mads Hermansen,Unknown,starter,80%,0.90
WHU,Aaron Wan-Bissaka,Unknown,starter,80%,0.90
WHU,El Hadji Malick Diouf,Unknown,starter,80%,0.90
WHU,Nayef Aguerd,Unknown,starter,70%,0.90
WHU,Jean-Clair Todibo,Unknown,starter,80%,0.90
WHU,Max Kilman,Unknown,starter,90%,1.00
WHU,James Ward-Prowse,Unknown,starter,70%,0.90
WHU,Tomas Soucek,Unknown,starter,70%,0.90
WHU,Lucas Paqueta,Unknown,starter,80%,0.90
WHU,Jarrod Bowen,Unknown,starter,90%,1.00
WHU,Niclas Fullkrug,Unknown,starter,70%,0.90
WHU,Alphonse Areola,Unknown,rotation,20%,0.35
WHU,Kyle Walker-Peters,Unknown,rotation,50%,0.75
WHU,Ollie Scarles,Unknown,rotation,20%,0.35
WHU,Konstantinos Mavropanos,Unknown,rotation,50%,0.75
WHU,Guido Rodriguez,Unknown,rotation,30%,0.50
WHU,Freddie Potts,Unknown,rotation,40%,0.50
WHU,Callum Wilson,Unknown,rotation,30%,0.50
WOL,Josa Sa,Unknown,starter,90%,1.00
WOL,Jackson Tchatchoua,Unknown,rotation,50%,0.75
WOL,David Moller Wolfe,Unknown,starter,70%,0.90
WOL,Matt Doherty,Unknown,starter,80%,0.90
WOL,Toti Gomes,Unknown,starter,80%,0.90
WOL,Emmanuel Agbadou,Unknown,starter,80%,0.90
WOL,Joao Gomes,Unknown,starter,90%,1.00
WOL,Jean-Ricner Bellegarde,Unknown,starter,70%,0.90
WOL,John Arias,Unknown,starter,70%,0.90
WOL,Marshall Munetsi,Unknown,starter,80%,0.90
WOL,Jorgen Strand Larsen,Unknown,starter,80%,0.90
WOL,Sam Johnstone,Unknown,rotation,10%,0.35
WOL,Ki-Jana Hoever,Unknown,rotation,30%,0.50
WOL,Rodrigo Gomes,Unknown,rotation,20%,0.35
WOL,Hugo Bueno,Unknown,rotation,30%,0.50
WOL,Santiago Bueno,Unknown,rotation,40%,0.50
WOL,Yerson Mosquera,Unknown,rotation,20%,0.35
WOL,Andre,Unknown,rotation,60%,0.75
WOL,Fer Lopez,Unknown,rotation,30%,0.50
WOL,Hee-chan Hwang,Unknown,rotation,20%,0.35
